{"cameraMode":{"drawMode":0,"name":"Shaded","section":"Shading Mode"},"sceneLighting":false,"audioPlay":false,"sceneViewState":{"showFog":true,"showMaterialUpdate":false,"showSkybox":false,"showFlares":true,"showImageEffects":true,"showParticleSystems":true},"in2DMode":false,"pivot":{"x":20.27374267578125,"y":0.737030029296875,"z":10.336669921875},"rotation":{"x":0.01341758482158184,"y":0.10986245423555374,"z":0.001487509347498417,"w":-0.9938762784004211},"size":1.4897544384002686,"orthographic":true}