{"cameraMode":{"drawMode":0,"name":"Shaded","section":"Shading Mode"},"sceneLighting":false,"audioPlay":false,"sceneViewState":{"showFog":true,"showMaterialUpdate":false,"showSkybox":false,"showFlares":true,"showImageEffects":true,"showParticleSystems":true},"in2DMode":false,"pivot":{"x":1.66864013671875,"y":0.1934814453125,"z":0.0615234375},"rotation":{"x":-0.04606958106160164,"y":-0.877090334892273,"z":0.0857556015253067,"w":-0.4704025089740753},"size":2.029428005218506,"orthographic":true}