{"cameraMode":{"drawMode":0,"name":"Shaded","section":"Shading Mode"},"sceneLighting":false,"audioPlay":false,"sceneViewState":{"showFog":true,"showMaterialUpdate":false,"showSkybox":false,"showFlares":true,"showImageEffects":true,"showParticleSystems":true},"in2DMode":false,"pivot":{"x":1.0499999523162842,"y":0.19999998807907105,"z":0.0},"rotation":{"x":0.36742109060287478,"y":0.03432540223002434,"z":-0.013566230423748494,"w":0.9293327331542969},"size":1.8299387693405152,"orthographic":true}