{"cameraMode":{"drawMode":0,"name":"Shaded","section":"Shading Mode"},"sceneLighting":false,"audioPlay":false,"sceneViewState":{"showFog":true,"showMaterialUpdate":false,"showSkybox":false,"showFlares":true,"showImageEffects":true,"showParticleSystems":true},"in2DMode":false,"pivot":{"x":228.8006591796875,"y":1156.44091796875,"z":-1093.094970703125},"rotation":{"x":0.36742109060287478,"y":0.03432540223002434,"z":-0.013566230423748494,"w":0.9293327331542969},"size":4.041658401489258,"orthographic":true}