{"cameraMode":{"drawMode":0,"name":"Shaded","section":"Shading Mode"},"sceneLighting":false,"audioPlay":false,"sceneViewState":{"showFog":true,"showMaterialUpdate":false,"showSkybox":false,"showFlares":true,"showImageEffects":true,"showParticleSystems":true},"in2DMode":false,"pivot":{"x":1.990234375,"y":0.87957763671875,"z":2.5400390625},"rotation":{"x":-0.05925195291638374,"y":0.26535630226135256,"z":-0.016333112493157388,"w":-0.9621976613998413},"size":8.257599830627442,"orthographic":true}