{"cameraMode":{"drawMode":0,"name":"Shaded","section":"Shading Mode"},"sceneLighting":false,"audioPlay":false,"sceneViewState":{"showFog":true,"showMaterialUpdate":false,"showSkybox":false,"showFlares":true,"showImageEffects":true,"showParticleSystems":true},"in2DMode":false,"pivot":{"x":1.028127670288086,"y":0.21994924545288087,"z":-0.008056640625},"rotation":{"x":-0.021833745762705804,"y":-0.946602463722229,"z":0.06539811939001084,"w":-0.31504204869270327},"size":0.997410774230957,"orthographic":true}