{"cameraMode":{"drawMode":0,"name":"Shaded","section":"Shading Mode"},"sceneLighting":false,"audioPlay":false,"sceneViewState":{"showFog":true,"showMaterialUpdate":false,"showSkybox":false,"showFlares":true,"showImageEffects":true,"showParticleSystems":true},"in2DMode":false,"pivot":{"x":0.25244140625,"y":-0.018798828125,"z":-0.16015625},"rotation":{"x":-0.028495853766798974,"y":0.00867351982742548,"z":-0.0003018392890226096,"w":-0.9996150732040405},"size":5.532291889190674,"orthographic":true}