{"cameraMode":{"drawMode":0,"name":"Shaded","section":"Shading Mode"},"sceneLighting":false,"audioPlay":false,"sceneViewState":{"showFog":true,"showMaterialUpdate":false,"showSkybox":false,"showFlares":true,"showImageEffects":true,"showParticleSystems":true},"in2DMode":false,"pivot":{"x":1.04248046875,"y":0.17449951171875,"z":0.0047149658203125},"rotation":{"x":-0.007487753871828318,"y":0.04647409915924072,"z":-0.0004189013270661235,"w":-0.9989209771156311},"size":1.201782464981079,"orthographic":true}