{"cameraMode":{"drawMode":0,"name":"Shaded","section":"Shading Mode"},"sceneLighting":false,"audioPlay":false,"sceneViewState":{"showFog":true,"showMaterialUpdate":false,"showSkybox":false,"showFlares":true,"showImageEffects":true,"showParticleSystems":true},"in2DMode":false,"pivot":{"x":-0.811737060546875,"y":0.7668619155883789,"z":-3.049072265625},"rotation":{"x":0.12295573204755783,"y":0.3246650993824005,"z":-0.04261204972863197,"w":0.9368390440940857},"size":2.0647945404052736,"orthographic":true}