{"cameraMode":{"drawMode":0,"name":"Shaded","section":"Shading Mode"},"sceneLighting":false,"audioPlay":false,"sceneViewState":{"showFog":true,"showMaterialUpdate":false,"showSkybox":false,"showFlares":true,"showImageEffects":true,"showParticleSystems":true},"in2DMode":false,"pivot":{"x":1.0431723594665528,"y":0.19511175155639649,"z":-0.1111437976360321},"rotation":{"x":0.11292792111635208,"y":-0.5088886618614197,"z":0.06760793924331665,"w":0.8507336974143982},"size":0.9197309613227844,"orthographic":true}