{"cameraMode":{"drawMode":0,"name":"Shaded","section":"Shading Mode"},"sceneLighting":false,"audioPlay":false,"sceneViewState":{"showFog":true,"showMaterialUpdate":false,"showSkybox":false,"showFlares":true,"showImageEffects":true,"showParticleSystems":true},"in2DMode":false,"pivot":{"x":1.0499999523162842,"y":0.19999998807907105,"z":0.0},"rotation":{"x":0.012891160324215889,"y":0.8213964700698853,"z":0.018440645188093187,"w":-0.5699636936187744},"size":1.8299387693405152,"orthographic":true}