{"cameraMode":{"drawMode":0,"name":"Shaded","section":"Shading Mode"},"sceneLighting":false,"audioPlay":false,"sceneViewState":{"showFog":true,"showMaterialUpdate":false,"showSkybox":false,"showFlares":true,"showImageEffects":true,"showParticleSystems":true},"in2DMode":false,"pivot":{"x":0.1328125,"y":-0.35870361328125,"z":0.0296630859375},"rotation":{"x":0.06440729647874832,"y":0.603282630443573,"z":-0.04897305741906166,"w":0.7934120297431946},"size":3.152940273284912,"orthographic":true}