{"cameraMode":{"drawMode":0,"name":"Shaded","section":"Shading Mode"},"sceneLighting":false,"audioPlay":false,"sceneViewState":{"showFog":true,"showMaterialUpdate":false,"showSkybox":false,"showFlares":true,"showImageEffects":true,"showParticleSystems":true},"in2DMode":false,"pivot":{"x":-0.6455304622650147,"y":-0.03864157199859619,"z":2.4087345600128176},"rotation":{"x":0.22444221377372743,"y":0.3634899854660034,"z":-0.09068790823221207,"w":0.8995993137359619},"size":38.682064056396487,"orthographic":false}